{
    "global_mean": 3845.97,
    "smoothing_m": 10,
    "Work_Type_TargetEnc": {
        "2069.67": 2251.0953929765888,
        "2202.6": 2328.121123188406,
        "2298.96": 2351.567065217391,
        "2321.63": 2409.865724637681,
        "2507.35": 2739.1987635869564,
        "3108.47": 3279.623695652174,
        "3144.08": 3627.809456521739,
        "3157.17": 2895.518510869565,
        "3645.1": 3701.7891106719367,
        "3751.31": 2526.0244504830916,
        "4214.63": 4255.07909486166,
        "4818.87": 4590.292320971867
    },
    "Product_Type_TargetEnc": {
        "1471.0": 1624.1275060386474,
        "2039.76": 1960.448581780538,
        "2321.63": 2409.865724637681,
        "2497.82": 2567.709574669187,
        "2696.75": 2632.687700668896,
        "2704.09": 2758.2633478260873,
        "2826.98": 2832.610777591973,
        "2866.25": 3043.7450155279503,
        "3037.86": 3012.5426353928297,
        "3048.89": 2711.06556763285,
        "3334.23": 3288.7446321070233,
        "3347.32": 3393.3066847826085,
        "3367.34": 3357.1675135869564,
        "3508.13": 3482.765018115942,
        "3583.89": 3660.6982015810277,
        "3661.71": 3917.451777493606,
        "3709.55": 3619.607292490118,
        "3745.87": 3801.590785953177,
        "3958.47": 3847.43268115942,
        "4050.06": 3911.270851449275,
        "4204.28": 4093.245347826087,
        "4387.19": 3880.0817485822304,
        "4649.9": 4586.008191699605,
        "4736.66": 4674.973711755233,
        "5191.8": 4664.610323749416,
        "5349.42": 5504.615347826087,
        "5496.84": 5345.4254743083,
        "5960.83": 6223.912119565217
    }
}